view,stitched_track_id,original_track_ids,start_frame,end_frame,start_time,end_time,num_detections
view1,1,[-1],164,3875,6.56,155.00,22
view1,2,[1],165,293,6.60,11.72,95
view1,3,"[12, 165, 168, 242, 246, 252, 248]",311,1049,12.44,41.96,527
view1,4,"[15, 17, 34]",385,640,15.40,25.60,170
view1,5,[48],486,499,19.44,19.96,3
view1,6,[80],621,637,24.84,25.48,2
view1,7,[93],634,634,25.36,25.36,1
view1,8,"[100, 174, 196]",661,1114,26.44,44.56,286
view1,9,[105],684,684,27.36,27.36,1
view1,10,[117],724,828,28.96,33.12,94
view1,11,"[125, 135, 142]",743,808,29.72,32.32,17
view1,12,"[188, 387, 398, 508, 532, 544, 578, 582, 596, 599, 607, 608, 620]",883,1627,35.32,65.08,476
view1,13,[187],884,888,35.36,35.52,4
view1,14,"[213, 214]",921,935,36.84,37.40,5
view1,15,[238],1004,1004,40.16,40.16,1
view1,16,[244],1020,1116,40.80,44.64,59
view1,17,[270],1071,1071,42.84,42.84,1
view1,18,[279],1101,1101,44.04,44.04,1
view1,19,[290],1145,1342,45.80,53.68,184
view1,20,"[306, 311]",1189,1224,47.56,48.96,8
view1,21,"[320, 323]",1201,1255,48.04,50.20,32
view1,22,"[327, 393, 405, 434, 464, 471, 739, 744, 797, 805]",1206,1902,48.24,76.08,392
view1,23,"[340, 362, 650]",1216,1778,48.64,71.12,449
view1,24,"[376, 417]",1277,1334,51.08,53.36,6
view1,25,[378],1280,1280,51.20,51.20,1
view1,26,"[428, 437, 453]",1362,1385,54.48,55.40,21
view1,27,[474],1406,1412,56.24,56.48,7
view1,28,"[491, 494, 497]",1434,1597,57.36,63.88,150
view1,29,"[505, 517]",1446,1498,57.84,59.92,22
view1,30,"[548, 557, 616, 622]",1551,1825,62.04,73.00,95
view1,31,"[626, 646]",1632,1671,65.28,66.84,29
view1,32,"[629, 635, 636]",1634,1649,65.36,65.96,6
view1,33,"[662, 857, 860]",1708,2027,68.32,81.08,200
view1,34,[685],1765,1775,70.60,71.00,6
view1,35,"[716, 726, 729]",1797,1868,71.88,74.72,39
view1,36,"[754, 768]",1844,1958,73.76,78.32,32
view1,37,"[756, 929, 958, 1002, 1010, 1014]",1845,2371,73.80,94.84,285
view1,38,[776],1859,1861,74.36,74.44,2
view1,39,"[820, 894]",1906,2031,76.24,81.24,73
view1,40,"[828, 885, 1020, 1093]",1920,2369,76.80,94.76,329
view1,41,[831],1923,1923,76.92,76.92,1
view1,42,[846],1943,1947,77.72,77.88,5
view1,43,[849],1945,1945,77.80,77.80,1
view1,44,"[870, 873, 879]",1978,1986,79.12,79.44,4
view1,45,"[907, 910, 925, 966, 1039]",2049,2294,81.96,91.76,178
view1,46,"[913, 914]",2064,2234,82.56,89.36,47
view1,47,"[935, 942]",2095,2106,83.80,84.24,4
view1,48,"[993, 1026, 1098, 1120, 1167, 1174, 1223, 1229]",2200,2782,88.00,111.28,290
view1,49,"[1025, 1061, 1070, 1073]",2290,2339,91.60,93.56,41
view1,50,[1075],2336,2337,93.44,93.48,2
view1,51,"[1102, 1434, 1439]",2375,2901,95.00,116.04,360
view1,52,"[1124, 1126]",2396,2401,95.84,96.04,5
view1,53,"[1153, 1237, 1228, 1248]",2421,2559,96.84,102.36,71
view1,54,"[1160, 1481, 1511]",2432,2980,97.28,119.20,320
view1,55,"[1173, 1179, 1196]",2446,2508,97.84,100.32,22
view1,56,"[1199, 1213]",2472,2501,98.88,100.04,16
view1,57,[1270],2590,2590,103.60,103.60,1
view1,58,"[1290, 1303, 1314]",2615,2665,104.60,106.60,15
view1,59,[1293],2617,2716,104.68,108.64,25
view1,60,[1328],2713,2838,108.52,113.52,13
view1,61,"[1342, 1354, 1361]",2751,2776,110.04,111.04,6
view1,62,"[1366, 1379, 1385]",2775,2927,111.00,117.08,76
view1,63,"[1387, 1395]",2809,2825,112.36,113.00,4
view1,64,"[1414, 1443, 1450]",2854,3536,114.16,141.44,540
view1,65,[1455],2904,2934,116.16,117.36,2
view1,66,"[1489, 1493, 1499]",2953,3049,118.12,121.96,63
view1,67,[1507],2986,3375,119.44,135.00,354
view1,68,[1517],2988,2995,119.52,119.80,6
view1,69,"[1527, 1530, 1680]",3016,3352,120.64,134.08,165
view1,70,"[1531, 1579, 1642]",3026,3442,121.04,137.68,218
view1,71,"[1560, 1587]",3108,3229,124.32,129.16,60
view1,72,[1593],3139,3139,125.56,125.56,1
view1,73,[1688],3369,3369,134.76,134.76,1
view1,74,"[1718, 1753, 1796, 1862, 1874]",3414,3717,136.56,148.68,162
view1,75,"[1723, 1732]",3420,3547,136.80,141.88,117
view1,76,[1760],3486,3592,139.44,143.68,80
view1,77,"[1766, 1853, 1952, 1961]",3498,3809,139.92,152.36,193
view1,78,"[1814, 1816, 1892, 1893, 1895, 1996, 1999]",3570,3882,142.80,155.28,194
view1,79,[1826],3581,3741,143.24,149.64,85
view1,80,[1878],3656,3659,146.24,146.36,4
view1,81,[1902],3703,3719,148.12,148.76,4
view1,82,"[1928, 1939]",3763,3853,150.52,154.12,41
view1,83,"[1931, 1942, 1966]",3768,3910,150.72,156.40,53
view1,84,"[1969, 1995]",3801,3909,152.04,156.36,27
view1,85,[2011],3907,3910,156.28,156.40,4
view2,1,[-1],113,3468,4.52,138.72,13
view2,2,"[2016, 2055]",114,511,4.56,20.44,331
view2,3,[2018],235,235,9.40,9.40,1
view2,4,[2029],295,298,11.80,11.92,3
view2,5,"[2039, 2040]",339,517,13.56,20.68,167
view2,6,[2042],346,346,13.84,13.84,1
view2,7,[2048],414,444,16.56,17.76,6
view2,8,[2059],517,1404,20.68,56.16,747
view2,9,"[2061, 2062]",524,526,20.96,21.04,2
view2,10,"[2068, 2223]",559,1095,22.36,43.80,396
view2,11,[2080],584,585,23.36,23.40,2
view2,12,[2081],616,616,24.64,24.64,1
view2,13,[2085],635,682,25.40,27.28,5
view2,14,"[2098, 2133, 2158]",700,1109,28.00,44.36,254
view2,15,[2135],798,801,31.92,32.04,3
view2,16,"[2167, 2177, 2186, 2190, 2195, 2204]",839,904,33.56,36.16,18
view2,17,[2217],945,951,37.80,38.04,7
view2,18,"[2264, 2273, 2265, 2280, 2283, 2301, 2368, 2387, 2484, 2540, 2709]",1128,1803,45.12,72.12,432
view2,19,"[2268, 2306, 2326, 2327]",1138,1234,45.52,49.36,50
view2,20,[2311],1203,1263,48.12,50.52,48
view2,21,"[2333, 2344]",1250,1546,50.00,61.84,216
view2,22,[2337],1255,1255,50.20,50.20,1
view2,23,"[2383, 2395, 2538, 2641, 2663, 2690, 2696, 2712, 2725]",1317,1987,52.68,79.48,509
view2,24,"[2446, 2453, 2454, 2474, 2479]",1386,1433,55.44,57.32,9
view2,25,"[2458, 2561]",1409,1695,56.36,67.80,126
view2,26,"[2491, 2548]",1453,1631,58.12,65.24,71
view2,27,[2492],1455,1456,58.20,58.24,2
view2,28,"[2509, 2521]",1477,1501,59.08,60.04,10
view2,29,"[2562, 2681, 2691]",1563,2024,62.52,80.96,329
view2,30,[2585],1610,1615,64.40,64.60,6
view2,31,"[2591, 2594]",1647,1659,65.88,66.36,11
view2,32,"[2597, 2619, 2623]",1653,1692,66.12,67.68,15
view2,33,"[2649, 2676]",1717,1748,68.68,69.92,7
view2,34,[2660],1724,1752,68.96,70.08,11
view2,35,"[2714, 2816, 2881]",1782,2306,71.28,92.24,399
view2,36,[2724],1795,1803,71.80,72.12,6
view2,37,"[2730, 2731]",1798,1822,71.92,72.88,19
view2,38,"[2752, 2759]",1861,2026,74.44,81.04,100
view2,39,[2763],1872,1908,74.88,76.32,4
view2,40,[2764],1877,1877,75.08,75.08,1
view2,41,[2805],1955,1956,78.20,78.24,2
view2,42,[2817],1974,1987,78.96,79.48,11
view2,43,"[2840, 2911]",2003,2170,80.12,86.80,73
view2,44,"[2855, 2984]",2012,2198,80.48,87.92,90
view2,45,"[2861, 2919, 2931, 2933]",2021,2101,80.84,84.04,27
view2,46,[2898],2059,2197,82.36,87.88,87
view2,47,"[2915, 2920, 2935, 3079, 3085, 3176]",2070,2570,82.80,102.80,288
view2,48,[2963],2148,2148,85.92,85.92,1
view2,49,[2997],2216,2675,88.64,107.00,305
view2,50,[2998],2229,2232,89.16,89.28,3
view2,51,"[3022, 3072, 3075, 3136]",2267,2473,90.68,98.92,107
view2,52,[3026],2288,2302,91.52,92.08,10
view2,53,"[3035, 3056, 3135]",2300,2970,92.00,118.80,386
view2,54,"[3059, 3064]",2329,2340,93.16,93.60,6
view2,55,"[3104, 3181, 3194]",2401,2562,96.04,102.48,24
view2,56,"[3110, 3117, 3118, 3133]",2410,2484,96.40,99.36,29
view2,57,[3120],2429,2446,97.16,97.84,6
view2,58,[3116],2430,2442,97.20,97.68,6
view2,59,[3148],2465,2703,98.60,108.12,194
view2,60,"[3211, 3219, 3557]",2521,3186,100.84,127.44,439
view2,61,"[3220, 3226, 3237]",2527,2546,101.08,101.84,6
view2,62,[3291],2664,2675,106.56,107.00,7
view2,63,[3310],2722,2776,108.88,111.04,44
view2,64,[3330],2730,2750,109.20,110.00,2
view2,65,"[3331, 3496, 3564, 3592]",2730,3239,109.20,129.56,326
view2,66,"[3366, 3391, 3398]",2796,3366,111.84,134.64,430
view2,67,"[3367, 3378]",2809,2848,112.36,113.92,10
view2,68,[3379],2830,2833,113.20,113.32,3
view2,69,"[3436, 3437]",2893,2917,115.72,116.68,6
view2,70,[3451],2908,2917,116.32,116.68,3
view2,71,[3457],2915,2921,116.60,116.84,3
view2,72,[3478],2954,2968,118.16,118.72,3
view2,73,[3479],2955,2957,118.20,118.28,3
view2,74,"[3497, 3539]",2990,3037,119.60,121.48,32
view2,75,"[3518, 3529, 3670, 3703, 3820, 3831, 3892, 3895]",3011,3638,120.44,145.52,392
view2,76,"[3575, 3593, 3597]",3086,3143,123.44,125.72,30
view2,77,[3604],3132,3146,125.28,125.84,4
view2,78,"[3638, 3642, 3761, 3794, 3807, 4028, 4029, 4148]",3183,3913,127.32,156.52,568
view2,79,"[3651, 3675]",3198,3227,127.92,129.08,4
view2,80,"[3691, 3719, 3734]",3266,3307,130.64,132.28,25
view2,81,"[3706, 3709]",3281,3287,131.24,131.48,2
view2,82,[3736],3306,3365,132.24,134.60,25
view2,83,"[3752, 3796, 3798, 3912, 3951, 3990, 4102]",3339,3913,133.56,156.52,324
view2,84,"[3755, 3771, 3776, 3826]",3342,3433,133.68,137.32,64
view2,85,[3780],3392,3411,135.68,136.44,17
view2,86,[3849],3470,3572,138.80,142.88,57
view2,87,"[3860, 3899, 3926, 3928, 3932, 4037, 4040]",3497,3913,139.88,156.52,190
view2,88,[3877],3510,3644,140.40,145.76,68
view2,89,[3879],3512,3524,140.48,140.96,12
view2,90,[3884],3519,3519,140.76,140.76,1
view2,91,[3924],3613,3615,144.52,144.60,3
view2,92,[3964],3673,3742,146.92,149.68,44
view2,93,"[3974, 4137]",3697,3913,147.88,156.52,153
view2,94,"[4009, 4018]",3734,3741,149.36,149.64,5
view2,95,"[4041, 4052]",3759,3769,150.36,150.76,5
view2,96,[4053],3766,3781,150.64,151.24,9
view2,97,[4114],3876,3912,155.04,156.48,21
view3,1,[-1],150,838,6.00,33.52,9
view3,2,[4153],159,255,6.36,10.20,95
view3,3,"[4164, 4252]",290,853,11.60,34.12,525
view3,4,"[4178, 4198]",376,635,15.04,25.40,235
view3,5,[4189],428,430,17.12,17.20,2
view3,6,[4212],656,762,26.24,30.48,99
view3,7,"[4217, 4222]",708,820,28.32,32.80,90
view3,8,"[4229, 4264, 4294]",761,1056,30.44,42.24,248
view3,9,"[4256, 4270]",840,972,33.60,38.88,123
view3,10,[4261],845,846,33.80,33.84,2
view3,11,"[4268, 4367]",922,1513,36.88,60.52,511
view3,12,"[4285, 4288, 4311, 4315, 4345, 4346, 4389, 4391]",1016,1469,40.64,58.76,397
view3,13,[4297],1095,1100,43.80,44.00,3
view3,14,"[4307, 4418, 4419]",1117,1711,44.68,68.44,543
view3,15,[4319],1166,1377,46.64,55.08,210
view3,16,"[4397, 4450, 4451]",1445,1785,57.80,71.40,304
view3,17,"[4407, 4438, 4442]",1461,1607,58.44,64.28,102
view3,18,[4408],1462,1470,58.48,58.80,7
view3,19,[4423],1506,2251,60.24,90.04,659
view3,20,"[4429, 4432]",1536,1698,61.44,67.92,130
view3,21,[4460],1683,1689,67.32,67.56,6
view3,22,[4475],1714,1926,68.56,77.04,193
view3,23,[4483],1738,2094,69.52,83.76,295
view3,24,[4501],1815,2021,72.60,80.84,157
view3,25,"[4509, 4513, 4514]",1868,1908,74.72,76.32,16
view3,26,[4524],1951,1952,78.04,78.08,2
view3,27,"[4543, 4559, 4693]",1989,2576,79.56,103.04,454
view3,28,[4545],1991,2013,79.64,80.52,16
view3,29,"[4561, 4570, 4612, 4636]",2053,2394,82.12,95.76,297
view3,30,"[4586, 4588]",2112,2143,84.48,85.72,28
view3,31,"[4594, 4597, 4640]",2169,2810,86.76,112.40,432
view3,32,"[4603, 4618]",2194,2247,87.76,89.88,42
view3,33,"[4627, 4664]",2270,2420,90.80,96.80,143
view3,34,"[4629, 4632, 4685]",2309,2531,92.36,101.24,157
view3,35,[4650],2381,2381,95.24,95.24,1
view3,36,[4676],2460,2635,98.40,105.40,104
view3,37,[4678],2475,2582,99.00,103.28,95
view3,38,[4699],2551,2657,102.04,106.28,72
view3,39,"[4739, 4746, 4773, 4774, 4788]",2601,2857,104.04,114.28,233
view3,40,[4757],2612,2690,104.48,107.60,65
view3,41,"[4765, 4766]",2623,2624,104.92,104.96,2
view3,42,"[4777, 4784]",2673,2898,106.92,115.92,185
view3,43,"[4796, 4798, 4825, 4835, 4863]",2788,2952,111.52,118.08,92
view3,44,"[4800, 4803]",2798,2803,111.92,112.12,2
view3,45,"[4808, 4812, 4888]",2832,2988,113.28,119.52,153
view3,46,"[4816, 4819]",2840,2844,113.60,113.76,3
view3,47,"[4826, 4839]",2874,2893,114.96,115.72,15
view3,48,[4832],2879,3282,115.16,131.28,377
view3,49,"[4857, 4869]",2920,3022,116.80,120.88,87
view3,50,"[4875, 4879, 5075]",2946,3572,117.84,142.88,525
view3,51,"[4895, 4896, 4922]",3039,3149,121.56,125.96,92
view3,52,[4898],3046,3087,121.84,123.48,41
view3,53,[4900],3058,3058,122.32,122.32,1
view3,54,"[4905, 4939]",3085,3324,123.40,132.96,152
view3,55,"[4911, 4916]",3105,3423,124.20,136.92,248
view3,56,"[4973, 5028]",3246,3463,129.84,138.52,202
view3,57,"[4999, 5057]",3348,3912,133.92,156.48,496
view3,58,[5006],3375,3380,135.00,135.20,6
view3,59,[5032],3414,3752,136.56,150.08,338
view3,60,[5044],3446,3446,137.84,137.84,1
view3,61,"[5062, 5066, 5117, 5126, 5156, 5159]",3519,3860,140.76,154.40,242
view3,62,[5078],3565,3634,142.60,145.36,40
view3,63,[5099],3607,3611,144.28,144.44,2
view3,64,[5129],3719,3823,148.76,152.92,12
view3,65,[5132],3731,3910,149.24,156.40,170
view3,66,[5146],3783,3853,151.32,154.12,39
view3,67,"[5166, 5173]",3877,3912,155.08,156.48,28
view3,68,[5179],3905,3912,156.20,156.48,8
