view,track_id,start_frame,end_frame,start_time,end_time,num_detections
view1,-1,164,3875,6.56,155.00,22
view1,1,165,293,6.60,11.72,95
view1,12,311,817,12.44,32.68,385
view1,15,385,386,15.40,15.44,2
view1,17,388,405,15.52,16.20,18
view1,34,413,640,16.52,25.60,150
view1,48,486,499,19.44,19.96,3
view1,80,621,637,24.84,25.48,2
view1,93,634,634,25.36,25.36,1
view1,100,661,840,26.44,33.60,142
view1,105,684,684,27.36,27.36,1
view1,117,724,828,28.96,33.12,94
view1,125,743,764,29.72,30.56,14
view1,135,772,772,30.88,30.88,1
view1,142,780,808,31.20,32.32,2
view1,165,829,829,33.16,33.16,1
view1,168,836,1018,33.44,40.72,128
view1,174,842,895,33.68,35.80,32
view1,187,884,888,35.36,35.52,4
view1,188,883,1302,35.32,52.08,300
view1,196,898,1114,35.92,44.56,112
view1,213,921,922,36.84,36.88,2
view1,214,925,935,37.00,37.40,3
view1,238,1004,1004,40.16,40.16,1
view1,242,1018,1021,40.72,40.84,4
view1,244,1020,1116,40.80,44.64,59
view1,246,1021,1022,40.84,40.88,2
view1,248,1045,1049,41.80,41.96,2
view1,252,1025,1033,41.00,41.32,5
view1,270,1071,1071,42.84,42.84,1
view1,279,1101,1101,44.04,44.04,1
view1,290,1145,1342,45.80,53.68,184
view1,306,1189,1194,47.56,47.76,5
view1,311,1196,1224,47.84,48.96,3
view1,320,1201,1202,48.04,48.08,2
view1,323,1203,1255,48.12,50.20,30
view1,327,1206,1302,48.24,52.08,40
view1,340,1216,1249,48.64,49.96,8
view1,362,1254,1670,50.16,66.80,364
view1,376,1277,1323,51.08,52.92,5
view1,378,1280,1280,51.20,51.20,1
view1,387,1305,1311,52.20,52.44,5
view1,393,1310,1317,52.40,52.68,4
view1,398,1315,1447,52.60,57.88,94
view1,405,1321,1363,52.84,54.52,43
view1,417,1334,1334,53.36,53.36,1
view1,428,1362,1362,54.48,54.48,1
view1,434,1365,1392,54.60,55.68,6
view1,437,1366,1385,54.64,55.40,19
view1,453,1385,1385,55.40,55.40,1
view1,464,1398,1401,55.92,56.04,2
view1,471,1406,1827,56.24,73.08,282
view1,474,1406,1412,56.24,56.48,7
view1,491,1434,1435,57.36,57.40,2
view1,494,1436,1437,57.44,57.48,2
view1,497,1437,1597,57.48,63.88,146
view1,505,1446,1446,57.84,57.84,1
view1,508,1450,1503,58.00,60.12,26
view1,517,1461,1498,58.44,59.92,21
view1,532,1513,1514,60.52,60.56,2
view1,544,1529,1579,61.16,63.16,29
view1,548,1551,1551,62.04,62.04,1
view1,557,1559,1620,62.36,64.80,13
view1,578,1592,1592,63.68,63.68,1
view1,582,1595,1595,63.80,63.80,1
view1,596,1610,1612,64.40,64.48,3
view1,599,1612,1615,64.48,64.60,4
view1,607,1616,1617,64.64,64.68,2
view1,608,1618,1625,64.72,65.00,8
view1,616,1623,1626,64.92,65.04,3
view1,620,1627,1627,65.08,65.08,1
view1,622,1630,1825,65.20,73.00,78
view1,626,1632,1664,65.28,66.56,26
view1,629,1634,1636,65.36,65.44,2
view1,635,1647,1648,65.88,65.92,2
view1,636,1648,1649,65.92,65.96,2
view1,646,1668,1671,66.72,66.84,3
view1,650,1676,1778,67.04,71.12,77
view1,662,1708,1957,68.32,78.28,147
view1,685,1765,1775,70.60,71.00,6
view1,716,1797,1800,71.88,72.00,4
view1,726,1809,1814,72.36,72.56,5
view1,729,1817,1868,72.68,74.72,30
view1,739,1830,1831,73.20,73.24,2
view1,744,1838,1864,73.52,74.56,4
view1,754,1844,1851,73.76,74.04,5
view1,756,1845,2090,73.80,83.60,104
view1,768,1856,1958,74.24,78.32,27
view1,776,1859,1861,74.36,74.44,2
view1,797,1876,1876,75.04,75.04,1
view1,805,1891,1902,75.64,76.08,8
view1,820,1906,1997,76.24,79.88,46
view1,828,1920,1990,76.80,79.60,38
view1,831,1923,1923,76.92,76.92,1
view1,846,1943,1947,77.72,77.88,5
view1,849,1945,1945,77.80,77.80,1
view1,857,1961,1962,78.44,78.48,2
view1,860,1962,2027,78.48,81.08,51
view1,870,1978,1978,79.12,79.12,1
view1,873,1980,1981,79.20,79.24,2
view1,879,1986,1986,79.44,79.44,1
view1,885,1991,2254,79.64,90.16,213
view1,894,1997,2031,79.88,81.24,27
view1,907,2049,2055,81.96,82.20,2
view1,910,2061,2078,82.44,83.12,10
view1,913,2064,2064,82.56,82.56,1
view1,914,2067,2234,82.68,89.36,46
view1,925,2092,2123,83.68,84.92,28
view1,929,2090,2109,83.60,84.36,7
view1,935,2095,2099,83.80,83.96,3
view1,942,2106,2106,84.24,84.24,1
view1,958,2123,2205,84.92,88.20,80
view1,966,2135,2287,85.40,91.48,131
view1,993,2200,2247,88.00,89.88,16
view1,1002,2209,2209,88.36,88.36,1
view1,1010,2215,2220,88.60,88.80,4
view1,1014,2224,2371,88.96,94.84,89
view1,1020,2254,2357,90.16,94.28,75
view1,1025,2290,2321,91.60,92.84,32
view1,1026,2261,2379,90.44,95.16,43
view1,1039,2288,2294,91.52,91.76,7
view1,1061,2325,2325,93.00,93.00,1
view1,1070,2330,2334,93.20,93.36,3
view1,1073,2335,2339,93.40,93.56,5
view1,1075,2336,2337,93.44,93.48,2
view1,1093,2367,2369,94.68,94.76,3
view1,1098,2386,2386,95.44,95.44,1
view1,1102,2375,2879,95.00,115.16,345
view1,1120,2391,2434,95.64,97.36,24
view1,1124,2396,2400,95.84,96.00,3
view1,1126,2400,2401,96.00,96.04,2
view1,1153,2421,2497,96.84,99.88,51
view1,1160,2432,2939,97.28,117.56,308
view1,1167,2441,2447,97.64,97.88,7
view1,1173,2446,2446,97.84,97.84,1
view1,1174,2451,2484,98.04,99.36,23
view1,1179,2454,2458,98.16,98.32,2
view1,1196,2469,2508,98.76,100.32,19
view1,1199,2472,2478,98.88,99.12,3
view1,1213,2483,2501,99.32,100.04,13
view1,1223,2497,2497,99.88,99.88,1
view1,1228,2523,2526,100.92,101.04,4
view1,1229,2503,2782,100.12,111.28,175
view1,1237,2509,2510,100.36,100.40,2
view1,1248,2528,2559,101.12,102.36,14
view1,1270,2590,2590,103.60,103.60,1
view1,1290,2615,2626,104.60,105.04,6
view1,1293,2617,2716,104.68,108.64,25
view1,1303,2630,2651,105.20,106.04,7
view1,1314,2664,2665,106.56,106.60,2
view1,1328,2713,2838,108.52,113.52,13
view1,1342,2751,2751,110.04,110.04,1
view1,1354,2762,2764,110.48,110.56,2
view1,1361,2774,2776,110.96,111.04,3
view1,1366,2775,2796,111.00,111.84,6
view1,1379,2802,2806,112.08,112.24,3
view1,1385,2808,2927,112.32,117.08,67
view1,1387,2809,2815,112.36,112.60,3
view1,1395,2825,2825,113.00,113.00,1
view1,1414,2854,2878,114.16,115.12,18
view1,1434,2885,2890,115.40,115.60,5
view1,1439,2892,2901,115.68,116.04,10
view1,1443,2892,2900,115.68,116.00,6
view1,1450,2902,3536,116.08,141.44,516
view1,1455,2904,2934,116.16,117.36,2
view1,1481,2946,2971,117.84,118.84,6
view1,1489,2953,2954,118.12,118.16,2
view1,1493,2957,2957,118.28,118.28,1
view1,1499,2967,3049,118.68,121.96,60
view1,1507,2986,3375,119.44,135.00,354
view1,1511,2975,2980,119.00,119.20,6
view1,1517,2988,2995,119.52,119.80,6
view1,1527,3016,3018,120.64,120.72,3
view1,1530,3021,3345,120.84,133.80,161
view1,1531,3026,3113,121.04,124.52,51
view1,1560,3108,3112,124.32,124.48,5
view1,1579,3116,3303,124.64,132.12,115
view1,1587,3121,3229,124.84,129.16,55
view1,1593,3139,3139,125.56,125.56,1
view1,1642,3304,3442,132.16,137.68,52
view1,1680,3352,3352,134.08,134.08,1
view1,1688,3369,3369,134.76,134.76,1
view1,1718,3414,3467,136.56,138.68,38
view1,1723,3420,3424,136.80,136.96,5
view1,1732,3432,3547,137.28,141.88,112
view1,1753,3471,3550,138.84,142.00,40
view1,1760,3486,3592,139.44,143.68,80
view1,1766,3498,3607,139.92,144.28,35
view1,1796,3550,3638,142.00,145.52,79
view1,1814,3570,3570,142.80,142.80,1
view1,1816,3570,3667,142.80,146.68,49
view1,1826,3581,3741,143.24,149.64,85
view1,1853,3610,3786,144.40,151.44,144
view1,1862,3650,3650,146.00,146.00,1
view1,1874,3653,3717,146.12,148.68,4
view1,1878,3656,3659,146.24,146.36,4
view1,1892,3668,3670,146.72,146.80,2
view1,1893,3674,3680,146.96,147.20,4
view1,1895,3690,3874,147.60,154.96,136
view1,1902,3703,3719,148.12,148.76,4
view1,1928,3763,3769,150.52,150.76,2
view1,1931,3768,3768,150.72,150.72,1
view1,1939,3778,3853,151.12,154.12,39
view1,1942,3780,3793,151.20,151.72,10
view1,1952,3789,3793,151.56,151.72,3
view1,1961,3794,3809,151.76,152.36,11
view1,1966,3798,3910,151.92,156.40,42
view1,1969,3801,3865,152.04,154.60,4
view1,1995,3870,3909,154.80,156.36,23
view1,1996,3879,3879,155.16,155.16,1
view1,1999,3882,3882,155.28,155.28,1
view1,2011,3907,3910,156.28,156.40,4
view2,-1,113,3468,4.52,138.72,13
view2,2016,114,509,4.56,20.36,330
view2,2018,235,235,9.40,9.40,1
view2,2029,295,298,11.80,11.92,3
view2,2039,339,339,13.56,13.56,1
view2,2040,340,517,13.60,20.68,166
view2,2042,346,346,13.84,13.84,1
view2,2048,414,444,16.56,17.76,6
view2,2055,511,511,20.44,20.44,1
view2,2059,517,1404,20.68,56.16,747
view2,2061,524,524,20.96,20.96,1
view2,2062,526,526,21.04,21.04,1
view2,2068,559,954,22.36,38.16,291
view2,2080,584,585,23.36,23.40,2
view2,2081,616,616,24.64,24.64,1
view2,2085,635,682,25.40,27.28,5
view2,2098,700,783,28.00,31.32,67
view2,2133,796,823,31.84,32.92,4
view2,2135,798,801,31.92,32.04,3
view2,2158,827,1109,33.08,44.36,183
view2,2167,839,847,33.56,33.88,2
view2,2177,854,862,34.16,34.48,8
view2,2186,865,866,34.60,34.64,2
view2,2190,878,883,35.12,35.32,2
view2,2195,892,895,35.68,35.80,3
view2,2204,904,904,36.16,36.16,1
view2,2217,945,951,37.80,38.04,7
view2,2223,966,1095,38.64,43.80,105
view2,2264,1128,1140,45.12,45.60,6
view2,2265,1146,1146,45.84,45.84,1
view2,2268,1138,1178,45.52,47.12,12
view2,2273,1142,1143,45.68,45.72,2
view2,2280,1147,1154,45.88,46.16,8
view2,2283,1156,1175,46.24,47.00,6
view2,2301,1178,1268,47.12,50.72,36
view2,2306,1192,1228,47.68,49.12,33
view2,2311,1203,1263,48.12,50.52,48
view2,2326,1228,1230,49.12,49.20,3
view2,2327,1233,1234,49.32,49.36,2
view2,2333,1250,1257,50.00,50.28,4
view2,2337,1255,1255,50.20,50.20,1
view2,2344,1260,1546,50.40,61.84,212
view2,2368,1280,1318,51.20,52.72,6
view2,2383,1317,1322,52.68,52.88,3
view2,2387,1328,1445,53.12,57.80,89
view2,2395,1337,1520,53.48,60.80,143
view2,2446,1386,1386,55.44,55.44,1
view2,2453,1400,1400,56.00,56.00,1
view2,2454,1402,1423,56.08,56.92,5
view2,2458,1409,1551,56.36,62.04,45
view2,2474,1425,1425,57.00,57.00,1
view2,2479,1433,1433,57.32,57.32,1
view2,2484,1445,1532,57.80,61.28,66
view2,2491,1453,1535,58.12,61.40,26
view2,2492,1455,1456,58.20,58.24,2
view2,2509,1477,1489,59.08,59.56,8
view2,2521,1500,1501,60.00,60.04,2
view2,2538,1529,1709,61.16,68.36,142
view2,2540,1537,1774,61.48,70.96,200
view2,2548,1545,1631,61.80,65.24,45
view2,2561,1562,1695,62.48,67.80,81
view2,2562,1563,1743,62.52,69.72,124
view2,2585,1610,1615,64.40,64.60,6
view2,2591,1647,1647,65.88,65.88,1
view2,2594,1649,1659,65.96,66.36,10
view2,2597,1653,1681,66.12,67.24,9
view2,2619,1683,1690,67.32,67.60,5
view2,2623,1692,1692,67.68,67.68,1
view2,2641,1712,1728,68.48,69.12,3
view2,2649,1717,1738,68.68,69.52,4
view2,2660,1724,1752,68.96,70.08,11
view2,2663,1731,1751,69.24,70.04,16
view2,2676,1741,1748,69.64,69.92,3
view2,2681,1745,1745,69.80,69.80,1
view2,2690,1753,1762,70.12,70.48,10
view2,2691,1753,2024,70.12,80.96,204
view2,2696,1764,1777,70.56,71.08,14
view2,2709,1777,1803,71.08,72.12,12
view2,2712,1778,1796,71.12,71.84,14
view2,2714,1782,1958,71.28,78.32,152
view2,2724,1795,1803,71.80,72.12,6
view2,2725,1797,1987,71.88,79.48,164
view2,2730,1798,1798,71.92,71.92,1
view2,2731,1798,1822,71.92,72.88,18
view2,2752,1861,1861,74.44,74.44,1
view2,2759,1866,2026,74.64,81.04,99
view2,2763,1872,1908,74.88,76.32,4
view2,2764,1877,1877,75.08,75.08,1
view2,2805,1955,1956,78.20,78.24,2
view2,2816,1971,2045,78.84,81.80,65
view2,2817,1974,1987,78.96,79.48,11
view2,2840,2003,2067,80.12,82.68,7
view2,2855,2012,2184,80.48,87.36,89
view2,2861,2021,2077,80.84,83.08,18
view2,2881,2047,2306,81.88,92.24,182
view2,2898,2059,2197,82.36,87.88,87
view2,2911,2067,2170,82.68,86.80,66
view2,2915,2070,2071,82.80,82.84,2
view2,2919,2077,2080,83.08,83.20,4
view2,2920,2078,2082,83.12,83.28,4
view2,2931,2083,2083,83.32,83.32,1
view2,2933,2084,2101,83.36,84.04,4
view2,2935,2094,2362,83.76,94.48,194
view2,2963,2148,2148,85.92,85.92,1
view2,2984,2198,2198,87.92,87.92,1
view2,2997,2216,2675,88.64,107.00,305
view2,2998,2229,2232,89.16,89.28,3
view2,3022,2267,2342,90.68,93.68,22
view2,3026,2288,2302,91.52,92.08,10
view2,3035,2300,2309,92.00,92.36,6
view2,3056,2323,2459,92.92,98.36,102
view2,3059,2329,2331,93.16,93.24,2
view2,3064,2336,2340,93.44,93.60,4
view2,3072,2347,2355,93.88,94.20,9
view2,3075,2357,2456,94.28,98.24,60
view2,3079,2365,2372,94.60,94.88,4
view2,3085,2376,2476,95.04,99.04,38
view2,3104,2401,2485,96.04,99.40,18
view2,3110,2410,2410,96.40,96.40,1
view2,3116,2430,2442,97.20,97.68,6
view2,3117,2419,2421,96.76,96.84,3
view2,3118,2421,2455,96.84,98.20,13
view2,3120,2429,2446,97.16,97.84,6
view2,3133,2455,2484,98.20,99.36,12
view2,3135,2462,2970,98.48,118.80,278
view2,3136,2458,2473,98.32,98.92,16
view2,3148,2465,2703,98.60,108.12,194
view2,3176,2488,2570,99.52,102.80,46
view2,3181,2491,2491,99.64,99.64,1
view2,3194,2499,2562,99.96,102.48,5
view2,3211,2521,2525,100.84,101.00,2
view2,3219,2526,3057,101.04,122.28,328
view2,3220,2527,2532,101.08,101.28,4
view2,3226,2532,2532,101.28,101.28,1
view2,3237,2546,2546,101.84,101.84,1
view2,3291,2664,2675,106.56,107.00,7
view2,3310,2722,2776,108.88,111.04,44
view2,3330,2730,2750,109.20,110.00,2
view2,3331,2730,2988,109.20,119.52,211
view2,3366,2796,2831,111.84,113.24,14
view2,3367,2809,2809,112.36,112.36,1
view2,3378,2819,2848,112.76,113.92,9
view2,3379,2830,2833,113.20,113.32,3
view2,3391,2838,2840,113.52,113.60,2
view2,3398,2844,3366,113.76,134.64,414
view2,3436,2893,2894,115.72,115.76,2
view2,3437,2896,2917,115.84,116.68,4
view2,3451,2908,2917,116.32,116.68,3
view2,3457,2915,2921,116.60,116.84,3
view2,3478,2954,2968,118.16,118.72,3
view2,3479,2955,2957,118.20,118.28,3
view2,3496,2989,3068,119.56,122.72,63
view2,3497,2990,3034,119.60,121.36,28
view2,3518,3011,3011,120.44,120.44,1
view2,3529,3020,3206,120.80,128.24,108
view2,3539,3034,3037,121.36,121.48,4
view2,3557,3058,3186,122.32,127.44,109
view2,3564,3075,3097,123.00,123.88,5
view2,3575,3086,3087,123.44,123.48,2
view2,3592,3097,3239,123.88,129.56,47
view2,3593,3097,3097,123.88,123.88,1
view2,3597,3103,3143,124.12,125.72,27
view2,3604,3132,3146,125.28,125.84,4
view2,3638,3183,3184,127.32,127.36,2
view2,3642,3186,3344,127.44,133.76,114
view2,3651,3198,3209,127.92,128.36,2
view2,3670,3210,3278,128.40,131.12,43
view2,3675,3224,3227,128.96,129.08,2
view2,3691,3266,3293,130.64,131.72,21
view2,3703,3279,3426,131.16,137.04,91
view2,3706,3281,3281,131.24,131.24,1
view2,3709,3287,3287,131.48,131.48,1
view2,3719,3296,3297,131.84,131.88,2
view2,3734,3306,3307,132.24,132.28,2
view2,3736,3306,3365,132.24,134.60,25
view2,3752,3339,3387,133.56,135.48,9
view2,3755,3342,3342,133.68,133.68,1
view2,3761,3347,3387,133.88,135.48,36
view2,3771,3355,3357,134.20,134.28,3
view2,3776,3364,3422,134.56,136.88,58
view2,3780,3392,3411,135.68,136.44,17
view2,3794,3390,3402,135.60,136.08,8
view2,3796,3390,3395,135.60,135.80,5
view2,3798,3396,3582,135.84,143.28,130
view2,3807,3407,3746,136.28,149.84,263
view2,3820,3428,3437,137.12,137.48,7
view2,3826,3432,3433,137.28,137.32,2
view2,3831,3440,3524,137.60,140.96,60
view2,3849,3470,3572,138.80,142.88,57
view2,3860,3497,3548,139.88,141.92,13
view2,3877,3510,3644,140.40,145.76,68
view2,3879,3512,3524,140.48,140.96,12
view2,3884,3519,3519,140.76,140.76,1
view2,3892,3525,3532,141.00,141.28,4
view2,3895,3537,3638,141.48,145.52,78
view2,3899,3548,3614,141.92,144.56,20
view2,3912,3589,3649,143.56,145.96,7
view2,3924,3613,3615,144.52,144.60,3
view2,3926,3621,3624,144.84,144.96,4
view2,3928,3625,3628,145.00,145.12,4
view2,3932,3632,3744,145.28,149.76,62
view2,3951,3654,3702,146.16,148.08,40
view2,3964,3673,3742,146.92,149.68,44
view2,3974,3697,3886,147.88,155.44,141
view2,3990,3707,3861,148.28,154.44,125
view2,4009,3734,3736,149.36,149.44,3
view2,4018,3740,3741,149.60,149.64,2
view2,4028,3748,3749,149.92,149.96,2
view2,4029,3751,3913,150.04,156.52,142
view2,4037,3758,3758,150.32,150.32,1
view2,4040,3759,3913,150.36,156.52,86
view2,4041,3759,3759,150.36,150.36,1
view2,4052,3766,3769,150.64,150.76,4
view2,4053,3766,3781,150.64,151.24,9
view2,4102,3869,3913,154.76,156.52,8
view2,4114,3876,3912,155.04,156.48,21
view2,4137,3897,3913,155.88,156.52,12
view2,4148,3913,3913,156.52,156.52,1
view3,-1,150,838,6.00,33.52,9
view3,4153,159,255,6.36,10.20,95
view3,4164,290,828,11.60,33.12,521
view3,4178,376,491,15.04,19.64,113
view3,4189,428,430,17.12,17.20,2
view3,4198,504,635,20.16,25.40,122
view3,4212,656,762,26.24,30.48,99
view3,4217,708,711,28.32,28.44,3
view3,4222,723,820,28.92,32.80,87
view3,4229,761,852,30.44,34.08,83
view3,4252,837,853,33.48,34.12,4
view3,4256,840,970,33.60,38.80,121
view3,4261,845,846,33.80,33.84,2
view3,4264,859,1050,34.36,42.00,164
view3,4268,922,1345,36.88,53.80,378
view3,4270,971,972,38.84,38.88,2
view3,4285,1016,1018,40.64,40.72,2
view3,4288,1019,1133,40.76,45.32,114
view3,4294,1056,1056,42.24,42.24,1
view3,4297,1095,1100,43.80,44.00,3
view3,4307,1117,1483,44.68,59.32,346
view3,4311,1135,1141,45.40,45.64,7
view3,4315,1144,1255,45.76,50.20,111
view3,4319,1166,1377,46.64,55.08,210
view3,4345,1270,1271,50.80,50.84,2
view3,4346,1272,1400,50.88,56.00,98
view3,4367,1356,1513,54.24,60.52,133
view3,4389,1407,1412,56.28,56.48,6
view3,4391,1413,1469,56.52,58.76,57
view3,4397,1445,1615,57.80,64.60,160
view3,4407,1461,1589,58.44,63.56,93
view3,4408,1462,1470,58.48,58.80,7
view3,4418,1498,1500,59.92,60.00,3
view3,4419,1503,1711,60.12,68.44,194
view3,4423,1506,2251,60.24,90.04,659
view3,4429,1536,1536,61.44,61.44,1
view3,4432,1544,1698,61.76,67.92,129
view3,4438,1598,1602,63.92,64.08,5
view3,4442,1604,1607,64.16,64.28,4
view3,4450,1629,1629,65.16,65.16,1
view3,4451,1632,1785,65.28,71.40,143
view3,4460,1683,1689,67.32,67.56,6
view3,4475,1714,1926,68.56,77.04,193
view3,4483,1738,2094,69.52,83.76,295
view3,4501,1815,2021,72.60,80.84,157
view3,4509,1868,1878,74.72,75.12,9
view3,4513,1888,1890,75.52,75.60,3
view3,4514,1905,1908,76.20,76.32,4
view3,4524,1951,1952,78.04,78.08,2
view3,4543,1989,2046,79.56,81.84,6
view3,4545,1991,2013,79.64,80.52,16
view3,4559,2052,2515,82.08,100.60,423
view3,4561,2053,2059,82.12,82.36,3
view3,4570,2061,2226,82.44,89.04,162
view3,4586,2112,2115,84.48,84.60,2
view3,4588,2117,2143,84.68,85.72,26
view3,4594,2169,2169,86.76,86.76,1
view3,4597,2170,2344,86.80,93.76,118
view3,4603,2194,2238,87.76,89.52,37
view3,4612,2235,2327,89.40,93.08,89
view3,4618,2239,2247,89.56,89.88,5
view3,4627,2270,2413,90.80,96.52,142
view3,4629,2309,2311,92.36,92.44,3
view3,4632,2322,2496,92.88,99.84,141
view3,4636,2337,2394,93.48,95.76,43
view3,4640,2345,2810,93.80,112.40,313
view3,4650,2381,2381,95.24,95.24,1
view3,4664,2420,2420,96.80,96.80,1
view3,4676,2460,2635,98.40,105.40,104
view3,4678,2475,2582,99.00,103.28,95
view3,4685,2503,2531,100.12,101.24,13
view3,4693,2525,2576,101.00,103.04,25
view3,4699,2551,2657,102.04,106.28,72
view3,4739,2601,2603,104.04,104.12,3
view3,4746,2605,2646,104.20,105.84,41
view3,4757,2612,2690,104.48,107.60,65
view3,4765,2623,2623,104.92,104.92,1
view3,4766,2624,2624,104.96,104.96,1
view3,4773,2651,2652,106.04,106.08,2
view3,4774,2655,2767,106.20,110.68,100
view3,4777,2673,2673,106.92,106.92,1
view3,4784,2685,2898,107.40,115.92,184
view3,4788,2768,2857,110.72,114.28,87
view3,4796,2788,2795,111.52,111.80,7
view3,4798,2797,2868,111.88,114.72,53
view3,4800,2798,2798,111.92,111.92,1
view3,4803,2803,2803,112.12,112.12,1
view3,4808,2832,2832,113.28,113.28,1
view3,4812,2833,2977,113.32,119.08,143
view3,4816,2840,2841,113.60,113.64,2
view3,4819,2844,2844,113.76,113.76,1
view3,4825,2874,2880,114.96,115.20,6
view3,4826,2874,2881,114.96,115.24,8
view3,4832,2879,3282,115.16,131.28,377
view3,4835,2883,2925,115.32,117.00,24
view3,4839,2887,2893,115.48,115.72,7
view3,4857,2920,2926,116.80,117.04,6
view3,4863,2925,2952,117.00,118.08,2
view3,4869,2940,3022,117.60,120.88,81
view3,4875,2946,2947,117.84,117.88,2
view3,4879,2953,3549,118.12,141.96,514
view3,4888,2979,2988,119.16,119.52,9
view3,4895,3039,3042,121.56,121.68,4
view3,4896,3042,3119,121.68,124.76,75
view3,4898,3046,3087,121.84,123.48,41
view3,4900,3058,3058,122.32,122.32,1
view3,4905,3085,3173,123.40,126.92,28
view3,4911,3105,3105,124.20,124.20,1
view3,4916,3111,3423,124.44,136.92,247
view3,4922,3119,3149,124.76,125.96,13
view3,4939,3173,3324,126.92,132.96,124
view3,4973,3246,3404,129.84,136.16,149
view3,4999,3348,3499,133.92,139.96,124
view3,5006,3375,3380,135.00,135.20,6
view3,5028,3409,3463,136.36,138.52,53
view3,5032,3414,3752,136.56,150.08,338
view3,5044,3446,3446,137.84,137.84,1
view3,5057,3513,3912,140.52,156.48,372
view3,5062,3519,3523,140.76,140.92,3
view3,5066,3527,3645,141.08,145.80,81
view3,5075,3559,3572,142.36,142.88,9
view3,5078,3565,3634,142.60,145.36,40
view3,5099,3607,3611,144.28,144.44,2
view3,5117,3656,3703,146.24,148.12,44
view3,5126,3716,3840,148.64,153.60,110
view3,5129,3719,3823,148.76,152.92,12
view3,5132,3731,3910,149.24,156.40,170
view3,5146,3783,3853,151.32,154.12,39
view3,5156,3849,3854,153.96,154.16,3
view3,5159,3860,3860,154.40,154.40,1
view3,5166,3877,3880,155.08,155.20,2
view3,5173,3885,3912,155.40,156.48,26
view3,5179,3905,3912,156.20,156.48,8
